nombre,original,descuento,porcentaje,marca,vendedor,categoria,envio,meses,desc,url,fecha
Toy Story 4 Bo Peep En Acción,,730,,Disney / Pixar Toy Story,Jugueterias Julio Cepeda ,Juegos y Juguetes,Envío gratis a todo el país,,"Los fans vivirán la emocionante y espectacular acción con la muñeca de acción alucinante de Betty de Toy Story 4 de Disney Pixar con Giggle McDimples sentada en su hombro para protegerla y guiarla en todas sus aventuras. Los niños disfrutarán de las múltiples opciones de juego con la muñeca alucinante Betty y su amiga Giggle McDimples. Los colores y la decoración del juguete pueden ser distintos de los mostrados.,::: QUE INCLUYE :::,BO PEEP EN ACCIÓN ,La muñeca está articulada y viene con varios elementos de ropa, accesorios, el emblemático báculo y un peine.,Betty viene con tres aspectos de ropa de la película y con su amiga de confianza, la oficial Giggle McDimples (a escala diminuta).,::: ESPECIFICACIONES TÉCNICAS :::,• Estructura de Plástico.,• Empaque mide 28 cm.,• Recomendado a partir de 4 años.,•Código: 53275075,PRODUCTO IMPORTADO 100% ORIGINAL CON LICENCIA OFICIAL,_____________________________________________,::: ENVÍOS :::, ,• MercadoEnvios:,Al comprar deberás completar los datos de tu domicilio o elegís la sucursal de correo que más te convenga.,Podes calcular el costo y tiempo de entrega poniendo tu código postal en el calculador de envíos.,• Envíos FULL,Seleccioná la opción:,“Normal a domicilio” ó “correo y otros puntos”,______________________________________________,::: HORARIOS DE ATENCIÓN :::,Lunes a Viernes de 10.00 a 14hs. y de 16 a 19.00hs.,Sábados de 10.30 a 14hs.,_______________________________________________,::: FORMAS DE PAGO :::,Mercadopago,Tarjeta de crédito,Pago Fácil,Al abonar con mercadopago el titular de la cuenta de mercadolibre,________________________________________________,GRACIAS POR VISITAR LA TIENDA OFICIAL DE JULIO CEPEDA JUGUETERÍAS,,más de 20 años en el rubro avalan nuestra responsabilidad y compromiso con nuestros clientes.",https://articulo.mercadolibre.com.mx/MLM-690873973-toy-story-4-bo-peep-en-accion-_JM,14-08-2019
Sable De Luz Maestro De La Fuerza - Star Wars Bladebuilders,,619,,Hasbro,Jugueterias Julio Cepeda ,Juegos y Juguetes,Envío gratis a todo el país,,"PRODUCTO:,Nombre: Sable de luz Maestro de la Fuerza - Star Wars Bladebuilders,Marca: Hasbro,DESCRIPCIÓN:,Sable de luz Maestro de la Fuerza - Star Wars Bladebuilders,¡Entra en el universo de Star Wars y lánzate a la acción y a la aventura! ¡Descubre una galaxia de naves estelares y vehículos, y adéntrate en emocionantes aventuras del bien contra el mal en un universo lleno de héroes, villanos, droides y criaturas alienígenas con el Sable de luz Maestro de la Fuerza de Star Wars Bladebuilders! ,¡Entrena con algunos de los maestros de la Fuerza más poderosos de la galaxia con el Sable de luz Maestro de la Fuerza, el cual cuenta con una hoja que alterna entre 4 colores y más de 24 frases y efectos de sonido! Alterna entre los modos de Yoda, Obi-Wan Kenobi, Mace Windu y Darth Vader para oír frases de los personajes y recibir instrucciones que te enseñan a perfeccionar el arte del duelo con sable de luz y el uso de la Fuerza. Cada modo de personaje incluye un color específico de la hoja del sable de luz y frases de entrenamiento. ¡Que la Fuerza esté contigo! ,• Incluye sable de luz, conector e instructivo. ,• Sable de luz Maestro de la Fuerza Bladebuilders con hoja que cambia de color,• ¡Cambia el color del sable y entrena con 4 maestros de la Fuerza!,• Frases de Yoda, Obi-Wan Kenobi, Mace Windu y Darth Vader imparten consejos,• Más de 24 frases y efectos de sonido ,• Personalizable con otros BladeBuilders (se venden por separado) ,• Edad recomendada: 5 años en adelante,Código: 71868462 ,MÁS DETALLES:,Peso del paquete: 1.0 kg,Condición: Nuevo,SKU: 71868462, ",https://articulo.mercadolibre.com.mx/MLM-684042082-sable-de-luz-maestro-de-la-fuerza-star-wars-bladebuilders-_JM,14-08-2019
Nerf Captain America Assembler Gear: Avengers Endgame,,539,,Hasbro,Jugueterias Julio Cepeda ,Juegos y Juguetes,,,"PRODUCTO:,Nombre: Nerf Captain America Assembler Gear: Avengers Endgame,Marca: Hasbro,DESCRIPCIÓN:,Nerf Captain America Assembler Gear: Avengers Endgame,¡Prepárate para equiparte y lanzar como el primer Avenger con Captain America Assembler Gear! ,¡Colecciona, combina y personaliza! Con Marvel Avengers: Endgame Nerf Captain America Assembler Gear y la tecnología Nerf, ¡los chicos pueden armar su lanzador inspirado en la tecnología de los Vengadores e imaginar que combaten contra los villanos con los dardos de Nerf! Cada juego Assembler Gear viene con distintas combinaciones para lanzadores y puede ser combinado con otros juegos Assembler Gear (se venden por separado) ¡para crear lanzadores personalizados y prepararse para la acción! Con más de 100 combinaciones de lanzadores en múltiples juegos (cada juego se vende por separado), la pregunta es: ¿Cuál será tu combinación? ,Los juegos Nerf Assembler Gear adicionales se venden por separado. Sujeto a disponibilidad. ,Copyright 2018 MARVEL.,Hasbro y todos los términos relacionados son marcas registradas de Hasbro.,• Incluye: escudo, 2 conectores, 3 dardos e instructivo.,Prueba distintas combinaciones,• Diseño inspirado en Captain America ,• Conecta piezas para armar y lanzar ,• Lanza los dardos Nerf incluidos a la acción,• Combina con otros juegos Assembler Gear para crear más de 100 combinaciones,• Edad recomendada: 5 años en adelante,• ADVERTENCIA: PELIGRO DE ASFIXIA: Pueden producirse piezas pequeñas. No es para niños menores de 3 años.,• PRECAUCIÓN: No apuntes a los ojos ni a la cara. PARA EVITAR LESIONES: Utiliza sólo los dardos NERF oficiales. Otros dardos pueden no cumplir las normas de seguridad. No modifiques los dardos ni el lanzadardos.,Código: 71875002 ,MÁS DETALLES:,Peso del paquete: 1.0 kg,Condición: Nuevo,SKU: 71875002, ",https://articulo.mercadolibre.com.mx/MLM-684041646-nerf-captain-america-assembler-gear-avengers-endgame-_JM,14-08-2019
Figura Energon Igniters Nitro Series - Bumblebee,,539,,Hasbro,Jugueterias Julio Cepeda ,Juegos y Juguetes,,,"PRODUCTO:,Nombre: Figura Energon Igniters Nitro Series - Bumblebee,Marca: Hasbro,DESCRIPCIÓN:,Figura Energon Igniters Nitro Series - Transformers Bumblebee ,Cada figura se vende por separado.  ,Si requiere algun modelo en especifico favor de indicarlos en los comentarios. ,Código: 71865812 ,MÁS DETALLES:,Peso del paquete: 1.0 kg,Condición: Nuevo,SKU: 71865812",https://articulo.mercadolibre.com.mx/MLM-684041428-figura-energon-igniters-nitro-series-bumblebee-_JM,14-08-2019
Vinilo Decorativo Futbolistas Futbol -03 Y Portería 180x95cm,705,599,15% OFF,Vinilo314,Vinilo 314,"Hogar, Muebles y Jardín",Envío gratis a todo el país,18 meses de $ 3328 sin intereses,"CARACTERÍSTICAS PRINCIPALES:,-Pliego de 120cm largo x 95cm alto.,-Calcomanías de pared recortadas completamente a contorno.,-No cuentan con ningún tipo de fondo. ,-Fáciles de instalar.,-Durables en interiores.,-Acabados finos y de calidad. Hecho en México con materiales importados - Calidad Garantizada.,-Envío GRATIS,-Ideal para aplicarse en superficies lisas como: Muros, Puertas, Ventanas e incluso muebles. ,No recomendamos aplicarlos sobre muros con textura o superficies rugosas.,-Productos Únicos en Mercado Libre.,“Somos Tienda Oficial de ML” Tu compra Protegida.,Incluye:,1 Futbolista de 80cm alto x 70cm largo,1 Portería con portero de 95cm alto x 100cm largo,1 balón de 12cm x 12cm,5 secciones de pasto de 20cm x 20cm aprox.,Contamos con la más Grande colección de Personajes y un sin número de Modelos. No olvides visitar todo nuestro listado de publicaciones en nuestra Tienda Oficial de Mercado libre en el siguiente enlace: https://tienda.mercadolibre.com.mx/vinilo-314,LLENA DE VIDA Y COLOR TUS ESPACIOS DECORANDO TUS MUROS CON ESTOS DIVERTIDOS PERSONAJES. A TI Y A TUS PEQUES TE ASEGURO LES ENCANTARA.,Este Diseño se entrega en un solo pliego de 120cm x 95cm, incluye la figura que se muestra en la imagen. Las figuras vienen recortadas completamente a contorno, no cuentan con ningún tipo de fondo.,Te recordamos que todos nuestros Vinilos se Fabrican al momento de hacer tu pedido, El tiempo estimado de manufactura de los vinilos es de 1 a 2 días dependiendo la cantidad de Vinilos ordenados.,DUDAS Y ACLARACIONES,-Todos nuestros vinilos cuentan con una guía y videos tutoriales de instalación , lo cual hará de su montaje una tarea fácil.,-El vinilo se puede montar sobre cualquier superficie lisa. No recomendable hacerlo en muros de yeso sin sellar, superficies rugosas, porosas o con texturizado.,-Evitar montar el vinilo sobre superficies frescas o recién pintadas ya que el adhesivo del vinilo puede traerse la pintura (esperar mínimo 7 días después de pintar para que la pintura seque).,-Los vinilos en interiores tienen una vida útil de hasta 5 años. Con un buen cuidado la vida del vinilo puede ser indefinida. En exteriores hasta 3 años, siempre y cuando se hayan instalado en una superficie correcta.,-Para remover el vinilo solo hay que aplicarle calor con una pistola para secar el pelo e irlo retirando lentamente.,-Si su muro tiene textura, manejamos un material especial para este tipo de superficies, sin embargo el precio del vinilo será un 25% mas costoso, si te interesa por favor pídenos precio en la sección de preguntas. ,-Para la correcta aplicación de un vinilo en muro rugoso después de la instalación del vinilo, aplique calor con una secadora de pelo y presione el vinilo con los dedos para que este se adhiera por completo a la superficie.,-Si notas que se levanta o despega alguna esquina o parte de tu vinilo, inmediatamente aplicar calor con una secadora de pelo sobre el vinilo y presionar el vinilo con los dedos para que este se adhiera por completo a la superficie. El calor reactivara el adhesivo de tu vinilo.,Para que el adhesivo del vinilo pueda reactivarse correctamente es muy importante que no le haya caído polvo al adhesivo del vinilo.,ENVIOS,Envio Express Gratis ,Una vez hecho tu pago, tu pedido tardara de 1 a 2 días en su fabricación y de 1 a 2 días hábiles adicionales en llegar a tu domicilio.,HORARIOS DE ATENCIÓN A CLIENTES,Lunes a Viernes de 11:00am a 7:00pm,Sábados de 11:00am a 2:00pm,PAGOS,Aceptamos todas las formas de pago de Mercadopago,(El vinilo pasa a producción una ves que Mercadopago haya acreditado tu pago),¡OFERTA HASTA QUE ESTES SEGURO DE COMPRAR!,Aclara todas tus dudas por este medio antes de hacer tu compra en la sección de preguntas y respuestas, resolvemos cualquier duda que puedas tener. No nos haremos responsables por productos que “no son lo que esperabas” si no se resuelven todas tus dudas previamente en el área de preguntas.,NO OLVIDES INDICARNOS COLOR, TAMAÑO O ESPECIFICACIONES QUE APLIQUEN SEGÚN EL ARTÍCULO QUE COMPRAS INMEDIATAMENTE DESPUÉS DE RECIBIR NUESTROS DATOS.,Vinil Decorativo, Wall Sticker, Decal, Pegatina, Rotulo, Estampa para muro, Calcomanía de Pared, Viniles, Mural, Grafico Impreso, Silueta Decorativa.",https://articulo.mercadolibre.com.mx/MLM-592652491-vinilo-decorativo-futbolistas-futbol-03-y-porteria-180x95cm-_JM,14-08-2019
Vinil Decorativo Flores Acuarela 01 Sticker De Pared Gigante,705,599,15% OFF,Vinilo314,Vinilo 314,"Hogar, Muebles y Jardín",Envío gratis a todo el país,18 meses de $ 3328 sin intereses,"Vinilo314 - Vinilos Decorativos ,CARACTERÍSTICAS PRINCIPALES:,-Pliego de 120 alto x 90cm largo,-Calcomanías de pared recortadas completamente a contorno.,-No cuentan con ningún tipo de fondo. ,-Fáciles de instalar.,-Durables en interiores.,-Acabados finos y de calidad. ,-Ideal para aplicarse en superficies lisas como: Muros, Puertas, Ventanas e incluso muebles. ,No recomendamos aplicarlos sobre muros con textura o superficies rugosas. ,Incluye:,1 Juego de Flores Grande de 80cm x 80cm ,1 Rosa mediana de 50cm x 40cm,3 Rosas chicas de 25cm x 25cm,7 Flores Azules de 12x12cm,16 Hojas sueltas de 9x6cm,LLENA DE VIDA Y COLOR TUS ESPACIOS DECORANDO TUS MUROS CON NUEVA LINEA DE VINILOS DECORATIVOS FLORALES.,Este Diseño se entrega en un solo pliego de 12cm x 90cm, incluye la figura que se muestra en la imagen. Las figuras vienen recortadas completamente a contorno, no cuentan con ningún tipo de fondo.,Los vinilos son ideales para aplicarse en superficies lisas como muros, puertas, ventanas e incluso muebles. No recomendamos aplicarlos sobre muros con textura o superficies rugosas.,Te recordamos que todos nuestros Vinilos se Fabrican al momento de hacer tu pedido, El tiempo estimado de manufactura de los vinilos es de 1 a 2 días dependiendo la cantidad de Vinilos ordenados.,Vinilo decorativo Arte Floral Acuarela. Calcomanía de Pared, Sticker decorativo, decoración de muros, Pegatina, Rotulo Mural, Vinil México.,DUDAS Y ACLARACIONES,Todos nuestros vinilos cuentan con una guía y videos tutoriales de instalación , lo cual hará de su montaje una tarea fácil.,El vinilo se puede montar sobre cualquier superficie lisa. No recomendable hacerlo en muros de yeso sin sellar, superficies rugosas, porosas o con texturizado.,Evitar montar el vinilo sobre superficies frescas o recién pintadas ya que al adhesivo del vinilo puede traerse la pintura (esperar mínimo 7 días después de pintar para que la pintura seque).,Los vinilos en interiores tienen una vida útil de hasta 8 años. En exteriores hasta 6 años, siempre y cuando se hayan instalado en una superficie correcta.,Para remover el vinilo solo hay que aplicarle calor con una pistola para secar el pelo e irlo retirando lentamente.,Si su muro tiene textura, manejamos un material especial para este tipo de superficies, sin embargo el precio del vinilo será un 25% mas costoso, si te interesa por favor pídenos precio en la sección de preguntas. ,Para la correcta aplicación de un vinilo en muro rugoso después de la instalación del vinilo, aplique calor con una secadora de pelo y presione el vinilo con los dedos para que este se adhiera por completo a la superficie.,ENVIOS,Envio Express Gratis por Fedex,Una vez hecho el depósito tu pedido tardara de 1 a 2 días en su fabricación y de 1 a 2 días hábiles adicionales en llegar a tu domicilio.,HORARIOS DEATENCION A CLIENTES,Lunes a Viernes de 11:00am a 7:00pm,Sábados de 11:00am a 2:00pm,PAGOS,Aceptamos todas las formas de pago de Mercadopago,(El vinilo pasa a producción una ves que Mercadopago haya acreditado tu pago),¡OFERTA HASTA QUE ESTES SEGURO DE COMPRAR!,Aclara todas tus dudas por este medio antes de ofertar. En la sección de preguntas y respuestas resolvemos cualquier duda que puedas tener.",https://articulo.mercadolibre.com.mx/MLM-613509748-vinil-decorativo-flores-acuarela-01-sticker-de-pared-gigante-_JM,14-08-2019
Tacón De Plataforma De Dama Oro 017289,,462,,Mundo Terra,Mundo Terra,,Llega gratis el jueves,18 meses de $ 2567 sin intereses,"CONSULTA TODAS MIS PUBLICACIONES,          Copia la siguiente dirección en tu navegador: https://listado.mercadolibre.com.mx/_CustId_247238369,         - POLÍTICAS DE VENTA -,         El producto se envía, únicamente y sin excepciones, cuando Mercado Pago haya confirmado el pago por el mismo.,         Nuestro compromiso es que tu compra llegue a tu domicilio lo antes posible, por lo que los pedidos son entregados a paquetería en un periodo de 24 a 48 horas en días hábiles. La paquetería entrega de 1 a 3 días hábiles.,         La selección de paquetería es responsabilidad de mercado libre.,         Las imágenes del producto son de carácter ilustrativo, la intensidad y tonalidad del color, así como detalles del diseño pueden variar en el producto físico.,         Todos los productos están sujetos a disponibilidad.,         ---- ENVIO GRATIS A TODA LA REPÚBLICA MEXICANA ----,         - CAMBIOS Y DEVOLUCIONES -,         Estás respaldado por el programa de protección al comprador de Mercado Libre.,         Cuentas con 10 días naturales para solicitar cambio o devolución de tu producto sin costo. Para solicitarlo, hazlo de la plataforma de Mercado Libre seleccionando una de las siguiente opciones:,         Para cambios: 'Es de otro color, talle o modelo'.,         Para devoluciones: 'Me arrepentí de comprarlo'.,         Es necesario que el producto se encuentre en perfecto estado, sin uso y en las mismas condiciones en las que se envió (incluyendo su caja original y etiquetas).,         Es necesario que el producto sea empacado nuevamente para que esté protegido durante su transporte.,         Todos los cambios están sujetos a disponibilidad.,         ¿TIENES DUDAS?,         Utiliza la sección de preguntas y respuestas.,         Horario de atención de Lunes a Viernes de 8:00 am a 6:00 pm.",https://articulo.mercadolibre.com.mx/MLM-676198018-tacon-de-plataforma-de-dama-oro-017289-_JM,14-08-2019
Chaqueta De Cuero Para Motociclista Para Caballero,470,399,15% OFF,Hemiks,Dresslilly,Accesorios para Vehículos,,18 meses de $ 2222 sin intereses,"* Este producto viene desde China, , DESCRIPCIÓN , Chaqueta de cuero elegante de la PU del jinete de la motocicleta para los caballeros,---------------------------------------------------------------------------------------------------------------------,Característica:,1) Cuello de soporte de cuero de la pu, la ropa del pecho izquierdo era un bolsillo falso.,2) Tener dos bolsillos exteriores (5.11 pulgadas-2.3 pulgadas),3) La moda, la chaqueta es adecuada para uso en exteriores y deportes: golf, senderismo, escalada, viajar, montar a caballo, conducir, caminar, deportes informales y otros,4) Lavar a mano y limpiar en seco únicamente, no usar lejía y secado por centrifugación, secar colgando,---------------------------------------------------------------------------------------------------------------------,Detalle de productos,Material: cuero de poliuretano,Color: Café marrón / negro / oscuro.,tenga en cuenta:,Porque el problema del sistema. Lo que ponemos es así:,Café oscuro = marrón, negro = negro, marrón = amarillo claro.,---------------------------------------------------------------------------------------------------------------------,Carta del tamaño:,Nuestro Tamaño (cm): M, L, XL, 2XL,3XL,Talla M:,Busto 100 cm. Longitud 64 cm. Hombro 43 cm. Manga: 64cm.,---------------------------------------------------------------------------------------------------------------------,Talla L:,Busto de 104 cm. Longitud 65 cm. Hombro 44 cm. Manga: 65cm.,---------------------------------------------------------------------------------------------------------------------,Tamaño XL:,Busto 108 cm. Largo 66 cm. Hombro 45 cm. Manga: 66cm.,---------------------------------------------------------------------------------------------------------------------,Tamaño 2XL:,Busto 112 cm. Longitud 67 cm. Hombro 46 cm. Manga: 67cm.,---------------------------------------------------------------------------------------------------------------------,Tamaño 3XL:,Busto 116 cm. Longitud 68 cm. Hombro 47 cm. Manga: 68cm.,Peso: 0.85kg,Paquete: 1 X Hombres chaqueta de cuero con cremallera Pu,---------------------------------------------------------------------------------------------------------------------,Tipo de ropa: Chaquetas,Estilo: Streetwear,Material: cuero de imitación,Collar: Stand Collar,Longitud de la camisa: Largo,Longitud de la manga: mangas largas,Temporada: Primavera, Otoño, Invierno.,Peso: 0.7800kg,Contenido del paquete: 1 X Hombres chaqueta de cuero Pu , , ESPECIFICACIONES ,Detalle de productos: ,Material: cuero de poliuretano,Color: Café marrón / negro / oscuro.,tenga en cuenta: ,Porque el problema del sistema. Lo que ponemos es así: ,Café oscuro = marrón, negro = negro, marrón = amarillo claro.: ,Tamaño: M L XL 2XL, 3XL,:",https://articulo.mercadolibre.com.mx/MLM-668233108-chaqueta-de-cuero-para-motociclista-para-caballero-_JM,14-08-2019
Alas De Angel Blancas Vinilo Decorativo Calcomania De Pared,705,599,15% OFF,VINILO314,Vinilo 314,"Hogar, Muebles y Jardín",Envío gratis a todo el país,18 meses de $ 3328 sin intereses,"Vinilo314 – La Tienda más Grande de Vinilos Decorativos en todo México,CARACTERÍSTICAS PRINCIPALES:,-Pliego de 120cm alto x 100cm largo.,-Calcomanías de pared recortadas completamente a contorno.,-No cuentan con ningún tipo de fondo. ,-Fáciles de instalar.,-Durables en interiores.,-Acabados finos y de calidad. Hecho en México con materiales importados - Calidad Garantizada.,-Envío GRATIS,-Ideal para aplicarse en superficies lisas como: Muros, Puertas, Ventanas e incluso muebles. ,No recomendamos aplicarlos sobre muros con textura o superficies rugosas.,-Productos Únicos en Mercado Libre.,“Somos Tienda Oficial de ML” Tu compra Protegida.,Incluye:,1 Vinilo Decorativo Par de Alas de 120 cm alto x 100cm largo. ,Contamos con la más Grande colección de Personajes y un sin número de Modelos. No olvides visitar todo nuestro listado de publicaciones en nuestra Tienda Oficial de Mercado libre en el siguiente enlace: https://tienda.mercadolibre.com.mx/vinilo-314,LLENA DE VIDA Y COLOR TUS ESPACIOS DECORANDO TUS MUROS CON ESTOS DIVERTIDOS PERSONAJES. A TI Y A TUS PEQUES TE ASEGURO LES ENCANTARA.,Este Diseño se entrega en un solo pliego de 120cm x 100cm, incluye la figura que se muestra en la imagen. Las figuras vienen recortadas completamente a contorno, no cuentan con ningún tipo de fondo.,Te recordamos que todos nuestros Vinilos se Fabrican al momento de hacer tu pedido, El tiempo estimado de manufactura de los vinilos es de 1 a 2 días dependiendo la cantidad de Vinilos ordenados.,DUDAS Y ACLARACIONES,-Todos nuestros vinilos cuentan con una guía y videos tutoriales de instalación , lo cual hará de su montaje una tarea fácil.,-El vinilo se puede montar sobre cualquier superficie lisa. No recomendable hacerlo en muros de yeso sin sellar, superficies rugosas, porosas o con texturizado.,-Evitar montar el vinilo sobre superficies frescas o recién pintadas ya que el adhesivo del vinilo puede traerse la pintura (esperar mínimo 7 días después de pintar para que la pintura seque).,-Los vinilos en interiores tienen una vida útil de hasta 5 años. Con un buen cuidado la vida del vinilo puede ser indefinida. En exteriores hasta 3 años, siempre y cuando se hayan instalado en una superficie correcta.,-Para remover el vinilo solo hay que aplicarle calor con una pistola para secar el pelo e irlo retirando lentamente.,-Si su muro tiene textura, manejamos un material especial para este tipo de superficies, sin embargo el precio del vinilo será un 25% mas costoso, si te interesa por favor pídenos precio en la sección de preguntas. ,-Para la correcta aplicación de un vinilo en muro rugoso después de la instalación del vinilo, aplique calor con una secadora de pelo y presione el vinilo con los dedos para que este se adhiera por completo a la superficie.,-Si notas que se levanta o despega alguna esquina o parte de tu vinilo, inmediatamente aplicar calor con una secadora de pelo sobre el vinilo y presionar el vinilo con los dedos para que este se adhiera por completo a la superficie. El calor reactivara el adhesivo de tu vinilo.,Para que el adhesivo del vinilo pueda reactivarse correctamente es muy importante que no le haya caído polvo al adhesivo del vinilo.,ENVIOS,Envio Express Gratis ,Una vez hecho tu pago, tu pedido tardara de 1 a 2 días en su fabricación y de 1 a 2 días hábiles adicionales en llegar a tu domicilio.,HORARIOS DE ATENCIÓN A CLIENTES,Lunes a Viernes de 11:00am a 7:00pm,Sábados de 11:00am a 2:00pm,PAGOS,Aceptamos todas las formas de pago de Mercadopago,(El vinilo pasa a producción una ves que Mercadopago haya acreditado tu pago),¡OFERTA HASTA QUE ESTES SEGURO DE COMPRAR!,Aclara todas tus dudas por este medio antes de hacer tu compra en la sección de preguntas y respuestas, resolvemos cualquier duda que puedas tener. No nos haremos responsables por productos que “no son lo que esperabas” si no se resuelven todas tus dudas previamente en el área de preguntas.,NO OLVIDES INDICARNOS COLOR, TAMAÑO O ESPECIFICACIONES QUE APLIQUEN SEGÚN EL ARTÍCULO QUE COMPRAS INMEDIATAMENTE DESPUÉS DE RECIBIR NUESTROS DATOS.,Vinil Decorativo, Wall Sticker, Decal, Pegatina, Rotulo, Estampa para muro, Calcomanía de Pared, Viniles, Mural, Grafico Impreso, Silueta Decorativa.",https://articulo.mercadolibre.com.mx/MLM-657555593-alas-de-angel-blancas-vinilo-decorativo-calcomania-de-pared-_JM,14-08-2019
Vinil Decorativo Unicornio Con Ojitos Y Flores 03 Sticker Xl,705,599,15% OFF,VINILO314,Vinilo 314,"Hogar, Muebles y Jardín",Envío gratis a todo el país,18 meses de $ 3328 sin intereses,"Vinilo314 – La Tienda más Grande de Vinilos Decorativos en todo México,CARACTERÍSTICAS PRINCIPALES:,-Pliego de 120cm alto x 80cm largo. ,-Calcomanías de pared recortadas completamente a contorno.,-No cuentan con ningún tipo de fondo. ,-Fáciles de instalar.,-Durables en interiores.,-Acabados finos y de calidad. Hecho en México con materiales importados - Calidad Garantizada.,-Envío GRATIS,-Ideal para aplicarse en superficies lisas como: Muros, Puertas, Ventanas e incluso muebles. ,No recomendamos aplicarlos sobre muros con textura o superficies rugosas.,-Productos Únicos en Mercado Libre.,“Somos Tienda Oficial de ML” Tu compra Protegida.,Incluye:,1 Unicornio de 80cm alto x 75cm ancho,1 Frase de 60cm x 26cm,3 Estrellas de 12cm x 12cm,3 Flores de 15cm x 15cm,Puedes colocar las piezas de este modelo en uno o varios muros y así darle a tu decoración la amplitud que desees. ,Contamos con la más Grande colección de Personajes y un sin número de Modelos. No olvides visitar todo nuestro listado de publicaciones en nuestra Tienda Oficial de Mercado libre en el siguiente enlace: https://tienda.mercadolibre.com.mx/vinilo-314,LLENA DE VIDA Y COLOR TUS ESPACIOS DECORANDO TUS MUROS CON ESTOS ENCANTADORES PERSONAJES. A TI Y A TUS PEQUES TE ASEGURO LES ENCANTARA.,Este Diseño se entrega en un solo pliego de 120cm x 80cm, incluye las figuras que se muestra en la imagen. Las figuras vienen recortadas completamente a contorno, no cuentan con ningún tipo de fondo.,Te recordamos que todos nuestros Vinilos se Fabrican al momento de hacer tu pedido, El tiempo estimado de manufactura de los vinilos es de 1 a 2 días dependiendo la cantidad de Vinilos ordenados.,DUDAS Y ACLARACIONES,-Todos nuestros vinilos cuentan con una guía y videos tutoriales de instalación , lo cual hará de su montaje una tarea fácil.,-El vinilo se puede montar sobre cualquier superficie lisa. No recomendable hacerlo en muros de yeso sin sellar, superficies rugosas, porosas o con texturizado.,-Evitar montar el vinilo sobre superficies frescas o recién pintadas ya que el adhesivo del vinilo puede traerse la pintura (esperar mínimo 7 días después de pintar para que la pintura seque).,-Los vinilos en interiores tienen una vida útil de hasta 5 años. Con un buen cuidado la vida del vinilo puede ser indefinida. En exteriores hasta 3 años, siempre y cuando se hayan instalado en una superficie correcta.,-Para remover el vinilo solo hay que aplicarle calor con una pistola para secar el pelo e irlo retirando lentamente.,-Si su muro tiene textura, manejamos un material especial para este tipo de superficies, sin embargo el precio del vinilo será un 25% mas costoso, si te interesa por favor pídenos precio en la sección de preguntas. ,-Para la correcta aplicación de un vinilo en muro rugoso después de la instalación del vinilo, aplique calor con una secadora de pelo y presione el vinilo con los dedos para que este se adhiera por completo a la superficie.,-Si notas que se levanta o despega alguna esquina o parte de tu vinilo, inmediatamente aplicar calor con una secadora de pelo sobre el vinilo y presionar el vinilo con los dedos para que este se adhiera por completo a la superficie. El calor reactivara el adhesivo de tu vinilo.,Para que el adhesivo del vinilo pueda reactivarse correctamente es muy importante que no le haya caído polvo al adhesivo del vinilo.,ENVIOS,Envio Express Gratis ,Una vez hecho tu pago, tu pedido tardara de 1 a 2 días en su fabricación y de 1 a 2 días hábiles adicionales en llegar a tu domicilio.,HORARIOS DE ATENCIÓN A CLIENTES,Lunes a Viernes de 11:00am a 7:00pm,Sábados de 11:00am a 2:00pm,PAGOS,Aceptamos todas las formas de pago de Mercadopago,(El vinilo pasa a producción una ves que Mercadopago haya acreditado tu pago),¡OFERTA HASTA QUE ESTES SEGURO DE COMPRAR!,Aclara todas tus dudas por este medio antes de hacer tu compra en la sección de preguntas y respuestas, resolvemos cualquier duda que puedas tener. No nos haremos responsables por productos que “no son lo que esperabas” si no se resuelven todas tus dudas previamente en el área de preguntas.,NO OLVIDES INDICARNOS COLOR, TAMAÑO O ESPECIFICACIONES QUE APLIQUEN SEGÚN EL ARTÍCULO QUE COMPRAS INMEDIATAMENTE DESPUÉS DE RECIBIR NUESTROS DATOS.,Vinil Decorativo, Wall Sticker, Decal, Pegatina, Rotulo, Estampa para muro, Calcomanía de Pared, Viniles, Mural, Grafico Impreso, Silueta Decorativa.",https://articulo.mercadolibre.com.mx/MLM-623295863-vinil-decorativo-unicornio-con-ojitos-y-flores-03-sticker-xl-_JM,14-08-2019
Vinilo Decorativo Frase En Esta Casa Somos Reales 120x75cm,,599,,VINILO314,Vinilo 314,"Hogar, Muebles y Jardín",Envío gratis a todo el país,18 meses de $ 3328 sin intereses,"Vinilo314 – La Tienda más Grande de Vinilos Decorativos en todo México,CARACTERÍSTICAS PRINCIPALES:,-Pliego de 120 alto x 75cm largo ,-Calcomanías de pared recortadas completamente a contorno.,-No cuentan con ningún tipo de fondo. ,-Fáciles de instalar.,-Durables en interiores.,-Acabados finos y de calidad. Hecho en México con materiales importados - Calidad Garantizada.,-Envío GRATIS,-Ideal para aplicarse en superficies lisas como: Muros, Puertas, Ventanas e incluso muebles. ,No recomendamos aplicarlos sobre muros con textura o superficies rugosas.,-Productos Únicos en Mercado Libre.,“Somos Tienda Oficial de ML” Tu compra Protegida.,Incluye:,1 Vinilo Frase ""En esta Casa somos Reales"" de 120cm alto x 75cm largo.,Contamos con la más Grande colección de Personajes y un sin número de Modelos. No olvides visitar todo nuestro listado de publicaciones en nuestra Tienda Oficial de Mercado libre en el siguiente enlace: https://tienda.mercadolibre.com.mx/vinilo-314,LLENA DE VIDA Y COLOR TUS ESPACIOS DECORANDO TUS MUROS CON NUEVA LINEA DE FRASES MOTIVACIONALES.,Este Diseño se entrega en un solo pliego de 120cm x 60cm, incluye la figura que se muestra en la imagen. Las figuras vienen recortadas completamente a contorno, no cuentan con ningún tipo de fondo.,Te recordamos que todos nuestros Vinilos se Fabrican al momento de hacer tu pedido, El tiempo estimado de manufactura de los vinilos es de 1 a 2 días dependiendo la cantidad de Vinilos ordenados.,DUDAS Y ACLARACIONES,-Todos nuestros vinilos cuentan con una guía y videos tutoriales de instalación , lo cual hará de su montaje una tarea fácil.,-El vinilo se puede montar sobre cualquier superficie lisa. No recomendable hacerlo en muros de yeso sin sellar, superficies rugosas, porosas o con texturizado.,-Evitar montar el vinilo sobre superficies frescas o recién pintadas ya que el adhesivo del vinilo puede traerse la pintura (esperar mínimo 7 días después de pintar para que la pintura seque).,-Los vinilos en interiores tienen una vida útil de hasta 5 años. Con un buen cuidado la vida del vinilo puede ser indefinida. En exteriores hasta 3 años, siempre y cuando se hayan instalado en una superficie correcta.,-Para remover el vinilo solo hay que aplicarle calor con una pistola para secar el pelo e irlo retirando lentamente.,-Si su muro tiene textura, manejamos un material especial para este tipo de superficies, sin embargo el precio del vinilo será un 25% mas costoso, si te interesa por favor pídenos precio en la sección de preguntas. ,-Para la correcta aplicación de un vinilo en muro rugoso después de la instalación del vinilo, aplique calor con una secadora de pelo y presione el vinilo con los dedos para que este se adhiera por completo a la superficie.,-Si notas que se levanta o despega alguna esquina o parte de tu vinilo, inmediatamente aplicar calor con una secadora de pelo sobre el vinilo y presionar el vinilo con los dedos para que este se adhiera por completo a la superficie. El calor reactivara el adhesivo de tu vinilo.,Para que el adhesivo del vinilo pueda reactivarse correctamente es muy importante que no le haya caído polvo al adhesivo del vinilo.,ENVIOS,Envio Express Gratis ,Una vez hecho tu pago, tu pedido tardara de 1 a 2 días en su fabricación y de 1 a 2 días hábiles adicionales en llegar a tu domicilio.,HORARIOS DE ATENCIÓN A CLIENTES,Lunes a Viernes de 11:00am a 7:00pm,Sábados de 11:00am a 2:00pm,PAGOS,Aceptamos todas las formas de pago de Mercadopago,(El vinilo pasa a producción una ves que Mercadopago haya acreditado tu pago),¡OFERTA HASTA QUE ESTES SEGURO DE COMPRAR!,Aclara todas tus dudas por este medio antes de hacer tu compra en la sección de preguntas y respuestas, resolvemos cualquier duda que puedas tener. No nos haremos responsables por productos que “no son lo que esperabas” si no se resuelven todas tus dudas previamente en el área de preguntas.,NO OLVIDES INDICARNOS COLOR, TAMAÑO O ESPECIFICACIONES QUE APLIQUEN SEGÚN EL ARTÍCULO QUE COMPRAS INMEDIATAMENTE DESPUÉS DE RECIBIR NUESTROS DATOS.,Vinil Decorativo, Wall Sticker, Decal, Pegatina, Rotulo, Estampa para muro, Calcomanía de Pared, Viniles, Mural, Grafico Impreso, Silueta Decorativa.",https://articulo.mercadolibre.com.mx/MLM-619830134-vinilo-decorativo-frase-en-esta-casa-somos-reales-120x75cm-_JM,14-08-2019
Vinilo Decorativo Princesa Elsa 32 Calcomanía Frozen.,705,599,15% OFF,Vinilo314,Vinilo 314,"Hogar, Muebles y Jardín",Envío gratis a todo el país,18 meses de $ 3328 sin intereses,"Vinilo314 – La Tienda más Grande de Vinilos Decorativos en todo México,CARACTERÍSTICAS PRINCIPALES:,-Pliego de 100cm alto x 100cm largo ,-Calcomanías de pared recortadas completamente a contorno.,-No cuentan con ningún tipo de fondo. ,-Fáciles de instalar.,-Durables en interiores.,-Acabados finos y de calidad. Hecho en México con materiales importados - Calidad Garantizada.,-Envío GRATIS,-Ideal para aplicarse en superficies lisas como: Muros, Puertas, Ventanas e incluso muebles. ,No recomendamos aplicarlos sobre muros con textura o superficies rugosas.,-Productos Únicos en Mercado Libre.,“Somos Tienda Oficial de ML” Tu compra Protegida.,Incluye:,1 Vinilo Princesa Elsa con copos de nieve y logo de 1m alto x 1m largo.,Contamos con la más Grande colección de Personajes y un sin número de Modelos. No olvides visitar todo nuestro listado de publicaciones en nuestra Tienda Oficial de Mercado libre en el siguiente enlace: https://tienda.mercadolibre.com.mx/vinilo-314,LLENA DE VIDA Y COLOR TUS ESPACIOS DECORANDO TUS MUROS CON EL ENCANTO DE LAS PRINCESAS DE DISNEY. A TI Y A TUS PEQUES TE ASEGURO LES ENCANTARA.,Este Diseño se entrega en un solo pliego de 100cm x 100cm, incluye la figura que se muestra en la imagen. Las figuras vienen recortadas completamente a contorno, no cuentan con ningún tipo de fondo.,Te recordamos que todos nuestros Vinilos se Fabrican al momento de hacer tu pedido, El tiempo estimado de manufactura de los vinilos es de 1 a 2 días dependiendo la cantidad de Vinilos ordenados.,DUDAS Y ACLARACIONES,-Todos nuestros vinilos cuentan con una guía y videos tutoriales de instalación , lo cual hará de su montaje una tarea fácil.,-El vinilo se puede montar sobre cualquier superficie lisa. No recomendable hacerlo en muros de yeso sin sellar, superficies rugosas, porosas o con texturizado.,-Evitar montar el vinilo sobre superficies frescas o recién pintadas ya que el adhesivo del vinilo puede traerse la pintura (esperar mínimo 7 días después de pintar para que la pintura seque).,-Los vinilos en interiores tienen una vida útil de hasta 5 años. Con un buen cuidado la vida del vinilo puede ser indefinida. En exteriores hasta 3 años, siempre y cuando se hayan instalado en una superficie correcta.,-Para remover el vinilo solo hay que aplicarle calor con una pistola para secar el pelo e irlo retirando lentamente.,-Si su muro tiene textura, manejamos un material especial para este tipo de superficies, sin embargo el precio del vinilo será un 25% mas costoso, si te interesa por favor pídenos precio en la sección de preguntas. ,-Para la correcta aplicación de un vinilo en muro rugoso después de la instalación del vinilo, aplique calor con una secadora de pelo y presione el vinilo con los dedos para que este se adhiera por completo a la superficie.,-Si notas que se levanta o despega alguna esquina o parte de tu vinilo, inmediatamente aplicar calor con una secadora de pelo sobre el vinilo y presionar el vinilo con los dedos para que este se adhiera por completo a la superficie. El calor reactivara el adhesivo de tu vinilo.,Para que el adhesivo del vinilo pueda reactivarse correctamente es muy importante que no le haya caído polvo al adhesivo del vinilo.,ENVIOS,Envio Express Gratis ,Una vez hecho tu pago, tu pedido tardara de 1 a 2 días en su fabricación y de 1 a 2 días hábiles adicionales en llegar a tu domicilio.,HORARIOS DE ATENCIÓN A CLIENTES,Lunes a Viernes de 11:00am a 7:00pm,Sábados de 11:00am a 2:00pm,PAGOS,Aceptamos todas las formas de pago de Mercadopago,(El vinilo pasa a producción una ves que Mercadopago haya acreditado tu pago),¡OFERTA HASTA QUE ESTES SEGURO DE COMPRAR!,Aclara todas tus dudas por este medio antes de hacer tu compra en la sección de preguntas y respuestas, resolvemos cualquier duda que puedas tener. No nos haremos responsables por productos que “no son lo que esperabas” si no se resuelven todas tus dudas previamente en el área de preguntas.,NO OLVIDES INDICARNOS COLOR, TAMAÑO O ESPECIFICACIONES QUE APLIQUEN SEGÚN EL ARTÍCULO QUE COMPRAS INMEDIATAMENTE DESPUÉS DE RECIBIR NUESTROS DATOS.,Vinil Decorativo, Wall Sticker, Decal, Pegatina, Rotulo, Estampa para muro, Calcomanía de Pared, Viniles, Mural, Grafico Impreso, Silueta Decorativa.",https://articulo.mercadolibre.com.mx/MLM-553861824-vinilo-decorativo-princesa-elsa-32-calcomania-frozen-_JM,14-08-2019
Vinilo Decorativo Mi Pequeño Pony 24 Calcomanías De Pared,705,599,15% OFF,VINILO314,Vinilo 314,"Hogar, Muebles y Jardín",Envío gratis a todo el país,18 meses de $ 3328 sin intereses,"Vinilo314 – La Tienda más Grande de Vinilos Decorativos en todo México,CARACTERÍSTICAS PRINCIPALES:,-Pliego de 120 alto x 90cm largo ,-Calcomanías de pared recortadas completamente a contorno.,-No cuentan con ningún tipo de fondo. ,-Fáciles de instalar.,-Durables en interiores.,-Acabados finos y de calidad. Hecho en México con materiales importados - Calidad Garantizada.,-Envío GRATIS,-Ideal para aplicarse en superficies lisas como: Muros, Puertas, Ventanas e incluso muebles. ,No recomendamos aplicarlos sobre muros con textura o superficies rugosas.,-Productos Únicos en Mercado Libre.,“Somos Tienda Oficial de ML” Tu compra Protegida.,Incluye:,6 Ponis de 40cm alto x 32m largo aprox c/u ,5 Nuves de 15cm alto x 25cm largo c/u,1 lluvia de estrellas ,Puedes colocar las piezas de este modelo de Mi Pequeño Pony en uno o varios muros y así darle a tu decoración la amplitud que desees.,Contamos con la más Grande colección de Personajes y un sin número de Modelos. No olvides visitar todo nuestro listado de publicaciones en nuestra Tienda Oficial de Mercado libre en el siguiente enlace: https://tienda.mercadolibre.com.mx/vinilo-314,LLENA DE VIDA Y COLOR TUS ESPACIOS DECORANDO TUS MUROS CON ESTOS ENCANTADORES VINILOS DE MY LITTLE PONY. A TI Y A TUS PEQUES TE ASEGURO LES ENCANTARA.,Este Diseño se entrega en un solo pliego de 120cm x 90cm, incluye las figuras que se muestra en la imagen. Las figuras vienen recortadas completamente a contorno, no cuentan con ningún tipo de fondo.,Te recordamos que todos nuestros Vinilos se Fabrican al momento de hacer tu pedido, El tiempo estimado de manufactura de los vinilos es de 1 a 2 días dependiendo la cantidad de Vinilos ordenados.,DUDAS Y ACLARACIONES,-Todos nuestros vinilos cuentan con una guía y videos tutoriales de instalación , lo cual hará de su montaje una tarea fácil.,-El vinilo se puede montar sobre cualquier superficie lisa. No recomendable hacerlo en muros de yeso sin sellar, superficies rugosas, porosas o con texturizado.,-Evitar montar el vinilo sobre superficies frescas o recién pintadas ya que el adhesivo del vinilo puede traerse la pintura (esperar mínimo 7 días después de pintar para que la pintura seque).,-Los vinilos en interiores tienen una vida útil de hasta 5 años. Con un buen cuidado la vida del vinilo puede ser indefinida. En exteriores hasta 3 años, siempre y cuando se hayan instalado en una superficie correcta.,-Para remover el vinilo solo hay que aplicarle calor con una pistola para secar el pelo e irlo retirando lentamente.,-Si su muro tiene textura, manejamos un material especial para este tipo de superficies, sin embargo el precio del vinilo será un 25% mas costoso, si te interesa por favor pídenos precio en la sección de preguntas. ,-Para la correcta aplicación de un vinilo en muro rugoso después de la instalación del vinilo, aplique calor con una secadora de pelo y presione el vinilo con los dedos para que este se adhiera por completo a la superficie.,-Si notas que se levanta o despega alguna esquina o parte de tu vinilo, inmediatamente aplicar calor con una secadora de pelo sobre el vinilo y presionar el vinilo con los dedos para que este se adhiera por completo a la superficie. El calor reactivara el adhesivo de tu vinilo.,Para que el adhesivo del vinilo pueda reactivarse correctamente es muy importante que no le haya caído polvo al adhesivo del vinilo.,ENVIOS,Envio Express Gratis ,Una vez hecho tu pago, tu pedido tardara de 1 a 2 días en su fabricación y de 1 a 2 días hábiles adicionales en llegar a tu domicilio.,HORARIOS DE ATENCIÓN A CLIENTES,Lunes a Viernes de 11:00am a 7:00pm,Sábados de 11:00am a 2:00pm,PAGOS,Aceptamos todas las formas de pago de Mercadopago,(El vinilo pasa a producción una ves que Mercadopago haya acreditado tu pago),¡OFERTA HASTA QUE ESTES SEGURO DE COMPRAR!,Aclara todas tus dudas por este medio antes de hacer tu compra en la sección de preguntas y respuestas, resolvemos cualquier duda que puedas tener. No nos haremos responsables por productos que “no son lo que esperabas” si no se resuelven todas tus dudas previamente en el área de preguntas.,NO OLVIDES INDICARNOS COLOR, TAMAÑO O ESPECIFICACIONES QUE APLIQUEN SEGÚN EL ARTÍCULO QUE COMPRAS INMEDIATAMENTE DESPUÉS DE RECIBIR NUESTROS DATOS.,Vinil Decorativo, Wall Sticker, Decal, Pegatina, Rotulo, Estampa para muro, Calcomanía de Pared, Viniles, Mural, Grafico Impreso, Silueta Decorativa.",https://articulo.mercadolibre.com.mx/MLM-570528622-vinilo-decorativo-mi-pequeno-pony-24-calcomanias-de-pared-_JM,14-08-2019
Tacón Plataforma Dama Negro 016471,,399,,Mundo Terra,Mundo Terra,"Ropa, Bolsas y Calzado",Envío gratis a todo el país,18 meses de $ 2221 sin intereses,"CONSULTA TODAS MIS PUBLICACIONES,          Copia la siguiente dirección en tu navegador: https://listado.mercadolibre.com.mx/_CustId_247238369,         - POLÍTICAS DE VENTA -,         El producto se envía, únicamente y sin excepciones, cuando Mercado Pago haya confirmado el pago por el mismo.,         Nuestro compromiso es que tu compra llegue a tu domicilio lo antes posible, por lo que los pedidos son entregados a paquetería en un periodo de 24 a 48 horas en días hábiles. La paquetería entrega de 1 a 3 días hábiles.,         La selección de paquetería es responsabilidad de mercado libre.,         Las imágenes del producto son de carácter ilustrativo, la intensidad y tonalidad del color, así como detalles del diseño pueden variar en el producto físico.,         Todos los productos están sujetos a disponibilidad.,         ---- ENVIO GRATIS A TODA LA REPÚBLICA MEXICANA ----,         - CAMBIOS Y DEVOLUCIONES -,         Estás respaldado por el programa de protección al comprador de Mercado Libre.,         Cuentas con 10 días naturales para solicitar cambio o devolución de tu producto sin costo. Para solicitarlo, hazlo de la plataforma de Mercado Libre seleccionando una de las siguiente opciones:,         Para cambios: 'Es de otro color, talle o modelo'.,         Para devoluciones: 'Me arrepentí de comprarlo'.,         Es necesario que el producto se encuentre en perfecto estado, sin uso y en las mismas condiciones en las que se envió (incluyendo su caja original y etiquetas).,         Es necesario que el producto sea empacado nuevamente para que esté protegido durante su transporte.,         Todos los cambios están sujetos a disponibilidad.,         ¿TIENES DUDAS?,         Utiliza la sección de preguntas y respuestas.,         Horario de atención de Lunes a Viernes de 8:00 am a 6:00 pm.",https://articulo.mercadolibre.com.mx/MLM-681725291-tacon-plataforma-dama-negro-016471-_JM,14-08-2019
Bota Dama Negro 015892,,495,,Mundo Terra,Mundo Terra,"Ropa, Bolsas y Calzado",Envío gratis a todo el país,18 meses de $ 2754 sin intereses,"CONSULTA TODAS MIS PUBLICACIONES,          Copia la siguiente dirección en tu navegador: https://listado.mercadolibre.com.mx/_CustId_247238369,         - POLÍTICAS DE VENTA -,         El producto se envía, únicamente y sin excepciones, cuando Mercado Pago haya confirmado el pago por el mismo.,         Nuestro compromiso es que tu compra llegue a tu domicilio lo antes posible, por lo que los pedidos son entregados a paquetería en un periodo de 24 a 48 horas en días hábiles. La paquetería entrega de 1 a 3 días hábiles.,         La selección de paquetería es responsabilidad de mercado libre.,         Las imágenes del producto son de carácter ilustrativo, la intensidad y tonalidad del color, así como detalles del diseño pueden variar en el producto físico.,         Todos los productos están sujetos a disponibilidad.,         ---- ENVIO GRATIS A TODA LA REPÚBLICA MEXICANA ----,         - CAMBIOS Y DEVOLUCIONES -,         Estás respaldado por el programa de protección al comprador de Mercado Libre.,         Cuentas con 10 días naturales para solicitar cambio o devolución de tu producto sin costo. Para solicitarlo, hazlo de la plataforma de Mercado Libre seleccionando una de las siguiente opciones:,         Para cambios: 'Es de otro color, talle o modelo'.,         Para devoluciones: 'Me arrepentí de comprarlo'.,         Es necesario que el producto se encuentre en perfecto estado, sin uso y en las mismas condiciones en las que se envió (incluyendo su caja original y etiquetas).,         Es necesario que el producto sea empacado nuevamente para que esté protegido durante su transporte.,         Todos los cambios están sujetos a disponibilidad.,         ¿TIENES DUDAS?,         Utiliza la sección de preguntas y respuestas.,         Horario de atención de Lunes a Viernes de 8:00 am a 6:00 pm.",https://articulo.mercadolibre.com.mx/MLM-681725205-bota-dama-negro-015892-_JM,14-08-2019
Tacón De Dama Camel Con Correa 009122,,395,,Mundo Terra,Mundo Terra,"Ropa, Bolsas y Calzado",Envío gratis a todo el país,18 meses de $ 2194 sin intereses,"CONSULTA TODAS MIS PUBLICACIONES,          Copia la siguiente dirección en tu navegador: https://listado.mercadolibre.com.mx/_CustId_247238369,         - POLÍTICAS DE VENTA -,         El producto se envía, únicamente y sin excepciones, cuando Mercado Pago haya confirmado el pago por el mismo.,         Nuestro compromiso es que tu compra llegue a tu domicilio lo antes posible, por lo que los pedidos son entregados a paquetería en un periodo de 24 a 48 horas en días hábiles. La paquetería entrega de 1 a 3 días hábiles.,         La selección de paquetería es responsabilidad de mercado libre.,         Las imágenes del producto son de carácter ilustrativo, la intensidad y tonalidad del color, así como detalles del diseño pueden variar en el producto físico.,         Todos los productos están sujetos a disponibilidad.,         ---- ENVIO GRATIS A TODA LA REPÚBLICA MEXICANA ----,         - CAMBIOS Y DEVOLUCIONES -,         Estás respaldado por el programa de protección al comprador de Mercado Libre.,         Cuentas con 10 días naturales para solicitar cambio o devolución de tu producto sin costo. Para solicitarlo, hazlo de la plataforma de Mercado Libre seleccionando una de las siguiente opciones:,         Para cambios: 'Es de otro color, talle o modelo'.,         Para devoluciones: 'Me arrepentí de comprarlo'.,         Es necesario que el producto se encuentre en perfecto estado, sin uso y en las mismas condiciones en las que se envió (incluyendo su caja original y etiquetas).,         Es necesario que el producto sea empacado nuevamente para que esté protegido durante su transporte.,         Todos los cambios están sujetos a disponibilidad.,         ¿TIENES DUDAS?,         Utiliza la sección de preguntas y respuestas.,         Horario de atención de Lunes a Viernes de 8:00 am a 6:00 pm.",https://articulo.mercadolibre.com.mx/MLM-681724117-tacon-de-dama-camel-con-correa-009122-_JM,14-08-2019
"Vinilo Decorativo Avengers-i 01 Súper Héroes, Hulk, Thor.",705,599,15% OFF,Vinilo314,Vinilo 314,"Hogar, Muebles y Jardín",Envío gratis a todo el país,18 meses de $ 3328 sin intereses,"Vinilo314 – La Tienda más Grande de Vinilos Decorativos en todo México,CARACTERÍSTICAS PRINCIPALES:,-Pliego de 120cm largo x 90cm alto. ,-Calcomanías de pared recortadas completamente a contorno.,-No cuentan con ningún tipo de fondo. ,-Fáciles de instalar.,-Durables en interiores.,-Acabados finos y de calidad. Hecho en México con materiales importados - Calidad Garantizada.,-Envío GRATIS,-Ideal para aplicarse en superficies lisas como: Muros, Puertas, Ventanas e incluso muebles. ,No recomendamos aplicarlos sobre muros con textura o superficies rugosas.,-Productos Únicos en Mercado Libre.,“Somos Tienda Oficial de ML” Tu compra Protegida.,Incluye:,1 Vinilo Decorativo Avengers de 120 cm largo x 90cm alto.,Contamos con la más Grande colección de Personajes y un sin número de Modelos. No olvides visitar todo nuestro listado de publicaciones en nuestra Tienda Oficial de Mercado libre en el siguiente enlace: https://tienda.mercadolibre.com.mx/vinilo-314,LLENA DE VIDA Y COLOR TUS ESPACIOS DECORANDO TUS MUROS CON ESTOS DIVERTIDOS PERSONAJES. A TI Y A TUS PEQUES TE ASEGURO LES ENCANTARA.,Este Diseño se entrega en un solo pliego de 120cm x 90cm, incluye la figura que se muestra en la imagen. Las figuras vienen recortadas completamente a contorno, no cuentan con ningún tipo de fondo.,Te recordamos que todos nuestros Vinilos se Fabrican al momento de hacer tu pedido, El tiempo estimado de manufactura de los vinilos es de 1 a 2 días dependiendo la cantidad de Vinilos ordenados.,DUDAS Y ACLARACIONES,-Todos nuestros vinilos cuentan con una guía y videos tutoriales de instalación , lo cual hará de su montaje una tarea fácil.,-El vinilo se puede montar sobre cualquier superficie lisa. No recomendable hacerlo en muros de yeso sin sellar, superficies rugosas, porosas o con texturizado.,-Evitar montar el vinilo sobre superficies frescas o recién pintadas ya que el adhesivo del vinilo puede traerse la pintura (esperar mínimo 7 días después de pintar para que la pintura seque).,-Los vinilos en interiores tienen una vida útil de hasta 5 años. Con un buen cuidado la vida del vinilo puede ser indefinida. En exteriores hasta 3 años, siempre y cuando se hayan instalado en una superficie correcta.,-Para remover el vinilo solo hay que aplicarle calor con una pistola para secar el pelo e irlo retirando lentamente.,-Si su muro tiene textura, manejamos un material especial para este tipo de superficies, sin embargo el precio del vinilo será un 25% mas costoso, si te interesa por favor pídenos precio en la sección de preguntas. ,-Para la correcta aplicación de un vinilo en muro rugoso después de la instalación del vinilo, aplique calor con una secadora de pelo y presione el vinilo con los dedos para que este se adhiera por completo a la superficie.,-Si notas que se levanta o despega alguna esquina o parte de tu vinilo, inmediatamente aplicar calor con una secadora de pelo sobre el vinilo y presionar el vinilo con los dedos para que este se adhiera por completo a la superficie. El calor reactivara el adhesivo de tu vinilo.,Para que el adhesivo del vinilo pueda reactivarse correctamente es muy importante que no le haya caído polvo al adhesivo del vinilo.,ENVIOS,Envio Express Gratis ,Una vez hecho tu pago, tu pedido tardara de 1 a 2 días en su fabricación y de 1 a 2 días hábiles adicionales en llegar a tu domicilio.,HORARIOS DE ATENCIÓN A CLIENTES,Lunes a Viernes de 11:00am a 7:00pm,Sábados de 11:00am a 2:00pm,PAGOS,Aceptamos todas las formas de pago de Mercadopago,(El vinilo pasa a producción una ves que Mercadopago haya acreditado tu pago),¡OFERTA HASTA QUE ESTES SEGURO DE COMPRAR!,Aclara todas tus dudas por este medio antes de hacer tu compra en la sección de preguntas y respuestas, resolvemos cualquier duda que puedas tener. No nos haremos responsables por productos que “no son lo que esperabas” si no se resuelven todas tus dudas previamente en el área de preguntas.,NO OLVIDES INDICARNOS COLOR, TAMAÑO O ESPECIFICACIONES QUE APLIQUEN SEGÚN EL ARTÍCULO QUE COMPRAS INMEDIATAMENTE DESPUÉS DE RECIBIR NUESTROS DATOS.,Vinil Decorativo Avengers Hulk, Capitan America, Iron man, Thor. Wall Sticker, Decal, Pegatina, Rotulo, Estampa para muro, Calcomanía de Pared, Viniles, Mural, Grafico Impreso, Silueta Decorativa.",https://articulo.mercadolibre.com.mx/MLM-553852314-vinilo-decorativo-avengers-i-01-super-heroes-hulk-thor-_JM,14-08-2019
Tacón Plataforma Dama Beige 016733,,449,,Mundo Terra,Mundo Terra,"Ropa, Bolsas y Calzado",Envío gratis a todo el país,18 meses de $ 2496 sin intereses,"CONSULTA TODAS MIS PUBLICACIONES,          Copia la siguiente dirección en tu navegador: https://listado.mercadolibre.com.mx/_CustId_247238369,         - POLÍTICAS DE VENTA -,         El producto se envía, únicamente y sin excepciones, cuando Mercado Pago haya confirmado el pago por el mismo.,         Nuestro compromiso es que tu compra llegue a tu domicilio lo antes posible, por lo que los pedidos son entregados a paquetería en un periodo de 24 a 48 horas en días hábiles. La paquetería entrega de 1 a 3 días hábiles.,         La selección de paquetería es responsabilidad de mercado libre.,         Las imágenes del producto son de carácter ilustrativo, la intensidad y tonalidad del color, así como detalles del diseño pueden variar en el producto físico.,         Todos los productos están sujetos a disponibilidad.,         ---- ENVIO GRATIS A TODA LA REPÚBLICA MEXICANA ----,         - CAMBIOS Y DEVOLUCIONES -,         Estás respaldado por el programa de protección al comprador de Mercado Libre.,         Cuentas con 10 días naturales para solicitar cambio o devolución de tu producto sin costo. Para solicitarlo, hazlo de la plataforma de Mercado Libre seleccionando una de las siguiente opciones:,         Para cambios: 'Es de otro color, talle o modelo'.,         Para devoluciones: 'Me arrepentí de comprarlo'.,         Es necesario que el producto se encuentre en perfecto estado, sin uso y en las mismas condiciones en las que se envió (incluyendo su caja original y etiquetas).,         Es necesario que el producto sea empacado nuevamente para que esté protegido durante su transporte.,         Todos los cambios están sujetos a disponibilidad.,         ¿TIENES DUDAS?,         Utiliza la sección de preguntas y respuestas.,         Horario de atención de Lunes a Viernes de 8:00 am a 6:00 pm.",https://articulo.mercadolibre.com.mx/MLM-681724934-tacon-plataforma-dama-beige-016733-_JM,14-08-2019
Zapatos Dama Multicolor 016540,,553,,Mundo Terra,Mundo Terra,"Ropa, Bolsas y Calzado",Envío gratis a todo el país,18 meses de $ 3074 sin intereses,"CONSULTA TODAS MIS PUBLICACIONES,          Copia la siguiente dirección en tu navegador: https://listado.mercadolibre.com.mx/_CustId_247238369,         - POLÍTICAS DE VENTA -,         El producto se envía, únicamente y sin excepciones, cuando Mercado Pago haya confirmado el pago por el mismo.,         Nuestro compromiso es que tu compra llegue a tu domicilio lo antes posible, por lo que los pedidos son entregados a paquetería en un periodo de 24 a 48 horas en días hábiles. La paquetería entrega de 1 a 3 días hábiles.,         La selección de paquetería es responsabilidad de mercado libre.,         Las imágenes del producto son de carácter ilustrativo, la intensidad y tonalidad del color, así como detalles del diseño pueden variar en el producto físico.,         Todos los productos están sujetos a disponibilidad.,         ---- ENVIO GRATIS A TODA LA REPÚBLICA MEXICANA ----,         - CAMBIOS Y DEVOLUCIONES -,         Estás respaldado por el programa de protección al comprador de Mercado Libre.,         Cuentas con 10 días naturales para solicitar cambio o devolución de tu producto sin costo. Para solicitarlo, hazlo de la plataforma de Mercado Libre seleccionando una de las siguiente opciones:,         Para cambios: 'Es de otro color, talle o modelo'.,         Para devoluciones: 'Me arrepentí de comprarlo'.,         Es necesario que el producto se encuentre en perfecto estado, sin uso y en las mismas condiciones en las que se envió (incluyendo su caja original y etiquetas).,         Es necesario que el producto sea empacado nuevamente para que esté protegido durante su transporte.,         Todos los cambios están sujetos a disponibilidad.,         ¿TIENES DUDAS?,         Utiliza la sección de preguntas y respuestas.,         Horario de atención de Lunes a Viernes de 8:00 am a 6:00 pm.",https://articulo.mercadolibre.com.mx/MLM-681725033-zapatos-dama-multicolor-016540-_JM,14-08-2019
Tacón Plataforma Dama Camel Multi 017137,,412,,Mundo Terra,Mundo Terra,"Ropa, Bolsas y Calzado",Envío gratis a todo el país,18 meses de $ 2292 sin intereses,"CONSULTA TODAS MIS PUBLICACIONES,          Copia la siguiente dirección en tu navegador: https://listado.mercadolibre.com.mx/_CustId_247238369,         - POLÍTICAS DE VENTA -,         El producto se envía, únicamente y sin excepciones, cuando Mercado Pago haya confirmado el pago por el mismo.,         Nuestro compromiso es que tu compra llegue a tu domicilio lo antes posible, por lo que los pedidos son entregados a paquetería en un periodo de 24 a 48 horas en días hábiles. La paquetería entrega de 1 a 3 días hábiles.,         La selección de paquetería es responsabilidad de mercado libre.,         Las imágenes del producto son de carácter ilustrativo, la intensidad y tonalidad del color, así como detalles del diseño pueden variar en el producto físico.,         Todos los productos están sujetos a disponibilidad.,         ---- ENVIO GRATIS A TODA LA REPÚBLICA MEXICANA ----,         - CAMBIOS Y DEVOLUCIONES -,         Estás respaldado por el programa de protección al comprador de Mercado Libre.,         Cuentas con 10 días naturales para solicitar cambio o devolución de tu producto sin costo. Para solicitarlo, hazlo de la plataforma de Mercado Libre seleccionando una de las siguiente opciones:,         Para cambios: 'Es de otro color, talle o modelo'.,         Para devoluciones: 'Me arrepentí de comprarlo'.,         Es necesario que el producto se encuentre en perfecto estado, sin uso y en las mismas condiciones en las que se envió (incluyendo su caja original y etiquetas).,         Es necesario que el producto sea empacado nuevamente para que esté protegido durante su transporte.,         Todos los cambios están sujetos a disponibilidad.,         ¿TIENES DUDAS?,         Utiliza la sección de preguntas y respuestas.,         Horario de atención de Lunes a Viernes de 8:00 am a 6:00 pm.",https://articulo.mercadolibre.com.mx/MLM-681724764-tacon-plataforma-dama-camel-multi-017137-_JM,14-08-2019
